"product_id";"product_name";"quantity";"product_ean";"product_sku";"product_category_name";"price";"product_tax";"weight";"description";"additional_desc_1";"additional_desc_2";"additional_desc_3";"additional_desc_4";"photo";"additional_photo_1";"additional_photo_2";"additional_photo_3";"additional_photo_4";"additional_photo_5";"additional_photo_6";"additional_photo_7";"additional_photo_8";"additional_photo_9";"additional_photo_10";"additional_photo_11";"additional_photo_12";"additional_photo_13";"additional_photo_14";"additional_photo_15";"product_manufacturer_name"
"36820207";"Stelaż do łóżka 120x200  automat spr";100;"";"120proSpr";"Brak danych";215.00;0%;19;"";"";"";"";"";"";"";"";"";"";"";"";"";"";"";"";"";"";"";"";"";""
"36820679";"Stelaż do łóżka 120x180  automat spr";100;"";"120pro18Spr";"Brak danych";215.00;0%;19;"";"";"";"";"";"";"";"";"";"";"";"";"";"";"";"";"";"";"";"";"";""
"36820817";"Stelaż do łóżka 100x200 boczny minigaz, krótszy o 2 cm";100;"";"BO100prominigaz350-2d";"Brak danych";230.00;0%;19;"";"";"";"";"";"";"";"";"";"";"";"";"";"";"";"";"";"";"";"";"";""
"36821138";"Stelaż do łóżka 100x200 minigaz, krótszy o 4 cm";100;"";"100prominigaz500-4d";"Brak danych";230.00;0%;19;"";"";"";"";"";"";"";"";"";"";"";"";"";"";"";"";"";"";"";"";"";""
"36821560";"Stelaż do łóżka 100x200  automat spr";100;"";"100proSpr";"Brak danych";185.00;0%;19;"";"";"";"";"";"";"";"";"";"";"";"";"";"";"";"";"";"";"";"";"";""
"36821810";"Stelaż do łóżka 90x200  automat spr";100;"";"90proSpr";"Brak danych";175.00;0%;19;"";"";"";"";"";"";"";"";"";"";"";"";"";"";"";"";"";"";"";"";"";""
"36821969";"Stelaż do łóżka 90x190  automat spr";100;"";"90pro19Spr";"Brak danych";175.00;0%;19;"";"";"";"";"";"";"";"";"";"";"";"";"";"";"";"";"";"";"";"";"";""
"36822247";"Ramka sklejka 75x25 + 2 listwy 30 cm";0;"";"ramka75x25";"Brak danych";35.00;0%;4;"";"";"";"";"";"";"";"";"";"";"";"";"";"";"";"";"";"";"";"";"";""
"36822269";"Stelaż do łóżka 90x160  automat spr";100;"";"90pro16Spr";"Brak danych";175.00;0%;19;"";"";"";"";"";"";"";"";"";"";"";"";"";"";"";"";"";"";"";"";"";""
"36822770";"Stelaż do łóżka 140x200 automat gazowy";100;"";"140promgaz600";"Brak danych";270.00;0%;19;"";"";"";"";"";"";"";"";"";"";"";"";"";"";"";"";"";"";"";"";"";""
"36823022";"Stelaż do łóżka 90x180  automat spr, węższy o 2 cm";100;"";"90pro18Spr-2s";"Brak danych";185.00;0%;19;"";"";"";"";"";"";"";"";"";"";"";"";"";"";"";"";"";"";"";"";"";""
"36823218";"Stelaż do łóżka 80x180  automat spr";100;"";"80pro18Spr";"Brak danych";170.00;0%;19;"";"";"";"";"";"";"";"";"";"";"";"";"";"";"";"";"";"";"";"";"";""
"36823381";"Stelaż do łóżka 80x180 bez pojemnika";100;"";"80pro18M";"Brak danych";125.00;0%;14;"";"";"";"";"";"";"";"";"";"";"";"";"";"";"";"";"";"";"";"";"";""
"36823631";"Stelaż do łóżka 100x200 bez pojemnika";100;"";"100proM";"Brak danych";140.00;0%;19;"";"";"";"";"";"";"";"";"";"";"";"";"";"";"";"";"";"";"";"";"";""
"36824134";"Stelaż do łóżka 90x180  automat spr";100;"";"90pro18Spr";"Brak danych";175.00;0%;19;"";"";"";"";"";"";"";"";"";"";"";"";"";"";"";"";"";"";"";"";"";""
"36824584";"Stelaż do łóżka 100x200  automat spr, węższy o 2 cm";100;"";"100proSpr-2s";"Brak danych";195.00;0%;19;"";"";"";"";"";"";"";"";"";"";"";"";"";"";"";"";"";"";"";"";"";""
"36825290";"Stelaż do łóżka 160x200  automat gazowy";100;"";"160promgaz600";"Brak danych";280.00;0%;19;"";"";"";"";"";"";"";"";"";"";"";"";"";"";"";"";"";"";"";"";"";""
"36825550";"Stelaż do łóżka 130x200  automat spr , węższy o 2 cm";100;"";"130proSpr-2s";"Brak danych";255.00;0%;19;"";"";"";"";"";"";"";"";"";"";"";"";"";"";"";"";"";"";"";"";"";""
"36827338";"Stelaż do łóżka 90x190  automat spr , węższy o 2 cm";100;"";"90pro19Spr-2s";"Brak danych";185.00;0%;19;"";"";"";"";"";"";"";"";"";"";"";"";"";"";"";"";"";"";"";"";"";""
"36827502";"Stelaż do łóżka 80x180 boczny minigaz";100;"";"BO80pro18minigaz350";"Brak danych";200.00;0%;19;"";"";"";"";"";"";"";"";"";"";"";"";"";"";"";"";"";"";"";"";"";""
"36827851";"Stelaż do łóżka 80x160  automat spr";100;"";"80pro16Spr";"Brak danych";170.00;0%;19;"";"";"";"";"";"";"";"";"";"";"";"";"";"";"";"";"";"";"";"";"";""
"36828099";"Stelaż do łóżka 100x180 bez pojemnika";100;"";"100pro18M";"Brak danych";140.00;0%;19;"";"";"";"";"";"";"";"";"";"";"";"";"";"";"";"";"";"";"";"";"";""
"36828454";"Stelaż do łóżka 90x200 bez pojemnika";100;"";"90proM";"Brak danych";130.00;0%;19;"";"";"";"";"";"";"";"";"";"";"";"";"";"";"";"";"";"";"";"";"";""
"36828973";"Stelaż do łóżka 90x180 bez pojemnika";100;"";"90pro18M";"Brak danych";130.00;0%;19;"";"";"";"";"";"";"";"";"";"";"";"";"";"";"";"";"";"";"";"";"";""
"36829262";"Ramka sklejka 187x25 + 3 listwy 30 cm";0;"";"ramka187x25 + 3";"Brak danych";70.00;0%;4;"";"";"";"";"";"";"";"";"";"";"";"";"";"";"";"";"";"";"";"";"";""
"36829540";"Ramka sklejka 90x25 + 2 listwy 30 cm";0;"";"ramka90x25 + 2";"Brak danych";40.00;0%;4;"";"";"";"";"";"";"";"";"";"";"";"";"";"";"";"";"";"";"";"";"";""
"36829954";"Stelaż do łóżka 80x180  automat spr, krótszy o 2 cm";100;"";"80pro18Spr-2d";"Brak danych";180.00;0%;14;"";"";"";"";"";"";"";"";"";"";"";"";"";"";"";"";"";"";"";"";"";""
"36830442";"Stelaż do łóżka 100x180  automat spr";100;"";"100pro18Spr";"Brak danych";185.00;0%;19;"";"";"";"";"";"";"";"";"";"";"";"";"";"";"";"";"";"";"";"";"";""
"38025293";"Stelaż do łóżka 120x200 boczny minigaz, krótszy o 1 cm";100;"";"BO120prominigaz600-1d";"Brak danych";250.00;0%;19;"";"";"";"";"";"";"";"";"";"";"";"";"";"";"";"";"";"";"";"";"";""
"38025307";"Listwa 35cm";1000;"";"Skl35";"Brak danych";4.00;0%;0;"";"";"";"";"";"";"";"";"";"";"";"";"";"";"";"";"";"";"";"";"";""
"38578170";"Stelaż do łóżka 90x180 boczny minigaz, krótszy o 2 cm";100;"";"BO90pro18minigaz350-2d";"Brak danych";225.00;0%;19;"";"";"";"";"";"";"";"";"";"";"";"";"";"";"";"";"";"";"";"";"";""
"43820762";"Stelaż do łóżka 180x200  automat gazowy";100;"";"180promgaz800";"Brak danych";290.00;0%;19;"";"";"";"";"";"";"";"";"";"";"";"";"";"";"";"";"";"";"";"";"";""
"43820763";"Stelaż do łóżka 90x200 automat spr, węższy o 2 cm";100;"";"90proSpr -2s";"Brak danych";185.00;0%;19;"";"";"";"";"";"";"";"";"";"";"";"";"";"";"";"";"";"";"";"";"";""
"43979747";"Stelaż do łóżka 120x200 boczny minigaz, krótszy o1 cm, węższy o 2cm";100;"";"BO120prominigaz-1d-2s";"Brak danych";250.00;0%;19;"";"";"";"";"";"";"";"";"";"";"";"";"";"";"";"";"";"";"";"";"";""
"43979748";"Stelaż do łóżka 120x180 boczny minigaz, krótszy o 2 cm, węższy o 2cm";100;"";"BO120pro18minigaz500-2s-2d";"Brak danych";250.00;0%;19;"";"";"";"";"";"";"";"";"";"";"";"";"";"";"";"";"";"";"";"";"";""
"43979749";"Stelaż do łóżka 80x180 minigaz";100;"";"80pro18minigaz400";"Brak danych";200.00;0%;19;"";"";"";"";"";"";"";"";"";"";"";"";"";"";"";"";"";"";"";"";"";""
"43979751";"Stelaż do łóżka 80x200  automat spr";100;"";"80proSpr";"Brak danych";170.00;0%;19;"";"";"";"";"";"";"";"";"";"";"";"";"";"";"";"";"";"";"";"";"";""
"44498242";"Stelaż do łóżka 80x200 boczny minigaz, krótszy o 2 cm węższy o 2 cm";100;"";"BO80prominigaz350-2d-2s";"Brak danych";210.00;0%;19;"";"";"";"";"";"";"";"";"";"";"";"";"";"";"";"";"";"";"";"";"";""
"44520444";"Stelaż do łóżka 120x200  automat gazowy";100;"";"140promgaz600";"Brak danych";260.00;0%;19;"";"";"";"";"";"";"";"";"";"";"";"";"";"";"";"";"";"";"";"";"";""
"44520445";"Stelaż do łóżka 140x200  automat gazowy, węższy o 2 cm";100;"";"140promgaz600";"Brak danych";280.00;0%;19;"";"";"";"";"";"";"";"";"";"";"";"";"";"";"";"";"";"";"";"";"";""
"44520446";"Stelaż do łóżka 90x200 boczny minigaz, węższy o 2 cm";100;"";"BO90prominigaz350-2s";"Brak danych";225.00;0%;19;"";"";"";"";"";"";"";"";"";"";"";"";"";"";"";"";"";"";"";"";"";""
"45534022";"Stelaż do łóżka 110x200 boczny minigaz, krótszy o 2 cm, węższy o 2cm";100;"";"BO110prominigaz600-2d-2s";"Brak danych";250.00;0%;19;"";"";"";"";"";"";"";"";"";"";"";"";"";"";"";"";"";"";"";"";"";""
"45534041";"Stelaż do łóżka 100x200 boczny minigaz, krótszy o 2 cm węższy o 2 cm";100;"";"BO100prominigaz400-2d -2s";"Brak danych";230.00;0%;19;"";"";"";"";"";"";"";"";"";"";"";"";"";"";"";"";"";"";"";"";"";""
"45534069";"Stelaż do łóżka 80x190 boczny minigaz, krótszy o 2 cm, węższy o 2 cm";100;"";"BO80pro19minigaz350-2d-2s";"Brak danych";210.00;0%;19;"";"";"";"";"";"";"";"";"";"";"";"";"";"";"";"";"";"";"";"";"";""
"45534070";"Stelaż do łóżka 120x200 + nogi 22,5";100;"";"120pro+nogi22,5";"Brak danych";210.00;0%;19;"";"";"";"";"";"";"";"";"";"";"";"";"";"";"";"";"";"";"";"";"";""
"45534182";"Stelaż do łóżka 90x160 minigaz";100;"";"90pro16minigaz400";"Brak danych";215.00;0%;19;"";"";"";"";"";"";"";"";"";"";"";"";"";"";"";"";"";"";"";"";"";""
"45929870";"Stelaż do łóżka 140x200 + nogi 22,5";100;"";"140pro+nogi22,5";"Brak danych";220.00;0%;19;"";"";"";"";"";"";"";"";"";"";"";"";"";"";"";"";"";"";"";"";"";""
"45929890";"Stelaż do łóżka 100x200 boczny minigaz,  węższy o 2 cm";100;"";"BO100prominigaz400 -2s";"Brak danych";230.00;0%;19;"";"";"";"";"";"";"";"";"";"";"";"";"";"";"";"";"";"";"";"";"";""
"45929911";"Stelaż do łóżka 80x200  automat spr, węzszy o 2cm";100;"";"80proSpr-2s";"Brak danych";180.00;0%;19;"";"";"";"";"";"";"";"";"";"";"";"";"";"";"";"";"";"";"";"";"";""
"45929930";"Stelaż do łóżka 70x200 automat spr";100;"";"70proSpr";"Brak danych";170.00;0%;19;"";"";"";"";"";"";"";"";"";"";"";"";"";"";"";"";"";"";"";"";"";""
"46774182";"Stelaż do łóżka 120x200 boczny minigaz, krótszy o 2cm, węższy o 2cm";100;"";"BO120prominigaz600-2d-2s";"Brak danych";250.00;0%;19;"";"";"";"";"";"";"";"";"";"";"";"";"";"";"";"";"";"";"";"";"";""
"46774183";"Stelaż do łóżka 120x200 + nogi 17";100;"";"120pro+nogi17";"Brak danych";210.00;0%;19;"";"";"";"";"";"";"";"";"";"";"";"";"";"";"";"";"";"";"";"";"";""
"46774184";"Stelaż do łóżka 100x160  automat spr";100;"";"100pro16spr";"Brak danych";185.00;0%;19;"";"";"";"";"";"";"";"";"";"";"";"";"";"";"";"";"";"";"";"";"";""
"46774185";"Stelaż do łóżka 90x190 bez pojemnika";100;"";"90proM19";"Brak danych";130.00;0%;19;"";"";"";"";"";"";"";"";"";"";"";"";"";"";"";"";"";"";"";"";"";""
"46774186";"Stelaż do łóżka 90x193+dobitki i dziury na forncie oraz klepki z tyłu";100;"";"90pro193M";"Brak danych";155.00;0%;19;"";"";"";"";"";"";"";"";"";"";"";"";"";"";"";"";"";"";"";"";"";""
"52671341";"Stelaż do łóżka 120x200  automat spr, węższy o 2cm";100;"";"120proSpr-2s";"Brak danych";225.00;0%;19;"";"";"";"";"";"";"";"";"";"";"";"";"";"";"";"";"";"";"";"";"";""
"52671348";"Stelaż do łóżka 90x200 minigaz, węższy o 2 cm";100;"";"90prominigaz400-2s";"Brak danych";225.00;0%;19;"";"";"";"";"";"";"";"";"";"";"";"";"";"";"";"";"";"";"";"";"";""
"52671350";"Stelaż do łóżka 90x180 minigaz,węższy o 2 cm";100;"";"90pro180minigaz400-2s";"Brak danych";225.00;0%;19;"";"";"";"";"";"";"";"";"";"";"";"";"";"";"";"";"";"";"";"";"";""
"52671351";"Stelaż do łóżka 120x200 boczny minigaz, węższy o 2cm";100;"";"BO120prominigaz600-2s";"Brak danych";250.00;0%;19;"";"";"";"";"";"";"";"";"";"";"";"";"";"";"";"";"";"";"";"";"";""
"52671354";"Stelaż do łóżka 90x200 minigaz";100;"";"90prominigaz400";"Brak danych";215.00;0%;19;"";"";"";"";"";"";"";"";"";"";"";"";"";"";"";"";"";"";"";"";"";""
"52671355";"Stelaż do łóżka 90x180 minigaz";100;"";"90pro180minigaz400";"Brak danych";215.00;0%;19;"";"";"";"";"";"";"";"";"";"";"";"";"";"";"";"";"";"";"";"";"";""
"52671356";"Stelaż do łóżka 90x200 boczny  minigaz, krótszy o 4cm, węższy o 2 cm";100;"";"BO90prominigaz350-4d-2s";"Brak danych";225.00;0%;19;"";"";"";"";"";"";"";"";"";"";"";"";"";"";"";"";"";"";"";"";"";""
"52671361";"Stelaż do łóżka 90x180 boczny  minigaz, krótszy o 2 cm, węższy o 2cm";100;"";"BO90pro18minigaz350-2d-2s";"Brak danych";225.00;0%;19;"";"";"";"";"";"";"";"";"";"";"";"";"";"";"";"";"";"";"";"";"";""
"52671362";"Stelaż do łóżka 90x200 boczny  minigaz, krótszy o 2 cm, węższy o 2 cm";100;"";"BO90prominigaz350-2d-2s";"Brak danych";225.00;0%;19;"";"";"";"";"";"";"";"";"";"";"";"";"";"";"";"";"";"";"";"";"";""
"53929077";"Stelaż do łóżka 120x200 minigaz";100;"";"120prominigaz800";"Brak danych";240.00;0%;19;"";"";"";"";"";"";"";"";"";"";"";"";"";"";"";"";"";"";"";"";"";""
"53929078";"Stelaż do łóżka 120x200 minigaz, węższy o 2 cm";100;"";"120prominigaz800-2s";"Brak danych";250.00;0%;19;"";"";"";"";"";"";"";"";"";"";"";"";"";"";"";"";"";"";"";"";"";""
"55423088";"Stelaż do łóżka 90x180 premium płaski, krótszy o 1 cm";100;"";"PL90pro18";"Brak danych";140.00;0%;19;"";"";"";"";"";"";"";"";"";"";"";"";"";"";"";"";"";"";"";"";"";""
"55521770";"Stelaż do łóżka 100x200 minigaz";100;"";"100prominigaz500";"Brak danych";220.00;0%;19;"";"";"";"";"";"";"";"";"";"";"";"";"";"";"";"";"";"";"";"";"";""
"55794254";"Stelaż do łóżka 80x180 boczny minigaz, krótszy o 2cm, węższy o 2 cm";100;"";"BO80pro18minigaz350-2d-2s";"Brak danych";210.00;0%;19;"";"";"";"";"";"";"";"";"";"";"";"";"";"";"";"";"";"";"";"";"";""
"55794308";"Stelaż do łóżka 90x160 minigaz, węższy o 2cm";100;"";"90pro16minigaz400-2s";"Brak danych";225.00;0%;19;"";"";"";"";"";"";"";"";"";"";"";"";"";"";"";"";"";"";"";"";"";""
"55794310";"Stelaż do łóżka 100x200 premium płaski, krótszy o 1 cm";100;"";"PL100pro";"Brak danych";150.00;0%;19;"";"";"";"";"";"";"";"";"";"";"";"";"";"";"";"";"";"";"";"";"";""
"55794316";"Stelaż do łóżka 100x193+dobitki i dziury na forncie oraz klepki z tyłu";100;"";"100pro193M";"Brak danych";160.00;0%;19;"";"";"";"";"";"";"";"";"";"";"";"";"";"";"";"";"";"";"";"";"";""
"55794325";"Ramka sklejka 120x25 + 3 listwy 30 cm";0;"";"ramka120x25 + 3";"Brak danych";50.00;0%;4;"";"";"";"";"";"";"";"";"";"";"";"";"";"";"";"";"";"";"";"";"";""
"55794328";"Ramka sklejka 60x25 + 2 listwy 35 cm";0;"";"ramka65x25+35x2";"Brak danych";35.00;0%;4;"";"";"";"";"";"";"";"";"";"";"";"";"";"";"";"";"";"";"";"";"";""
"56452774";"Stelaż do łóżka 80x180  automat spr, węższy o 2 cm";100;"";"80pro18spr-2s";"Brak danych";180.00;0%;19;"";"";"";"";"";"";"";"";"";"";"";"";"";"";"";"";"";"";"";"";"";""
"59366429";"Stelaż do łóżka 90x190 minigaz,węższy o 2 cm";100;"";"90pro190minigaz400-2s";"Brak danych";225.00;0%;19;"";"";"";"";"";"";"";"";"";"";"";"";"";"";"";"";"";"";"";"";"";""
"59366430";"Stelaż do łóżka 80x160 minigaz";100;"";"80pro16minigaz350";"Brak danych";200.00;0%;19;"";"";"";"";"";"";"";"";"";"";"";"";"";"";"";"";"";"";"";"";"";""
"62125736";"Stelaż do łóżka 100x200 minigaz, węższy o 2 cm";100;"";"100prominigaz500-2s";"Brak danych";230.00;0%;19;"";"";"";"";"";"";"";"";"";"";"";"";"";"";"";"";"";"";"";"";"";""
"62125745";"Stelaż do łóżka 100x180 premium płaski, krószy o 1 cm";100;"";"PL100pro180";"Brak danych";140.00;0%;19;"";"";"";"";"";"";"";"";"";"";"";"";"";"";"";"";"";"";"";"";"";""
"62125747";"Stelaż do łóżka 100x173+dobitki i dziury na forncie oraz klepki z tyłu";100;"";"100pro173M";"Brak danych";160.00;0%;19;"";"";"";"";"";"";"";"";"";"";"";"";"";"";"";"";"";"";"";"";"";""
"62125749";"Stelaż do łóżka 90x200 premium płaski, krótszy o 1 cm";100;"";"PL90pro";"Brak danych";140.00;0%;19;"";"";"";"";"";"";"";"";"";"";"";"";"";"";"";"";"";"";"";"";"";""
"62176339";"Stelaż do łóżka 90x190 boczny minigaz, węższy o 2 cm";100;"";"BO90pro190minigaz350-2s";"Brak danych";225.00;0%;19;"";"";"";"";"";"";"";"";"";"";"";"";"";"";"";"";"";"";"";"";"";""
"62176341";"Stelaż do łóżka 90x190 minigaz";100;"";"90pro190minigaz400";"Brak danych";215.00;0%;19;"";"";"";"";"";"";"";"";"";"";"";"";"";"";"";"";"";"";"";"";"";""
"62176342";"Stelaż do łóżka 90x190 boczny  minigaz, krótszy o 2 cm, węższy o 2 cm";100;"";"BO90pro190minigaz350-2d-2s";"Brak danych";225.00;0%;19;"";"";"";"";"";"";"";"";"";"";"";"";"";"";"";"";"";"";"";"";"";""
"62176343";"Stelaż do łóżka 90x173+dobitki i dziury na forncie oraz klepki z tyłu";99;"";"90pro173M";"Brak danych";155.00;0%;19;"";"";"";"";"";"";"";"";"";"";"";"";"";"";"";"";"";"";"";"";"";""
"62225455";"Stelaż do łóżka 100x180 minigaz, węższy o 2 cm";100;"";"100pro180minigaz500-2s";"Brak danych";230.00;0%;19;"";"";"";"";"";"";"";"";"";"";"";"";"";"";"";"";"";"";"";"";"";""
"64264987";"Stelaż do łóżka 90x200 minigaz, węższy o 2 cm, krótszy 2cm";100;"";"90prominigaz400-2s-d2";"Brak danych";225.00;0%;19;"";"";"";"";"";"";"";"";"";"";"";"";"";"";"";"";"";"";"";"";"";""
"66359585";"Stelaż do łóżka 120x200 + nogi 20";100;"";"120pro+nogi20";"Brak danych";210.00;0%;19;"";"";"";"";"";"";"";"";"";"";"";"";"";"";"";"";"";"";"";"";"";""
"66359587";"Stelaż do łóżka 140x200 automat gazowy,boczny,krószy o 2cm, węższy o 1cm";100;"";"BO140promgaz500-2d-2s";"Brak danych";280.00;0%;19;"";"";"";"";"";"";"";"";"";"";"";"";"";"";"";"";"";"";"";"";"";""
"66359596";"Stelaż do łóżka 160x200 metalowy podnoszony wkład pod materac";0;"";"met160eGaz1000";"Brak danych";340.00;23%;0;"";"";"";"";"";"";"";"";"";"";"";"";"";"";"";"";"";"";"";"";"";""
"66541673";"Stelaż do łóżka 90x180 boczny minigaz, węższy o 2 cm";100;"";"BO90pro18minigaz350-2s";"Brak danych";225.00;0%;19;"";"";"";"";"";"";"";"";"";"";"";"";"";"";"";"";"";"";"";"";"";""
"66806942";"Stelaż do łóżka 120x190 boczny minigaz, krótszy o 2 cm, węższy o 2cm";100;"";"BO120pro19minigaz500-2s-2d";"Brak danych";250.00;0%;19;"";"";"";"";"";"";"";"";"";"";"";"";"";"";"";"";"";"";"";"";"";""
"66875035";"Stelaż do łóżka 120x200 boczny minigaz, krótszy o 2cm, węższy o 1cm";100;"";"BO120prominigaz600-2d-1s";"Brak danych";250.00;0%;19;"";"";"";"";"";"";"";"";"";"";"";"";"";"";"";"";"";"";"";"";"";""
"66875067";"Stelaż do łóżka 180x200 + nogi 22,5";100;"";"180pro+nogi22,5";"Brak danych";240.00;0%;19;"";"";"";"";"";"";"";"";"";"";"";"";"";"";"";"";"";"";"";"";"";""
"66875068";"Stelaż do łóżka 160x200 + nogi 19,5";100;"";"160pro+noga19";"Brak danych";230.00;0%;19;"";"";"";"";"";"";"";"";"";"";"";"";"";"";"";"";"";"";"";"";"";""
"67206105";"Stelaż do łóżka 100x180  automat spr, węższy o 2 cm";100;"";"100pro18Spr-2s";"Brak danych";185.00;0%;19;"";"";"";"";"";"";"";"";"";"";"";"";"";"";"";"";"";"";"";"";"";""
"67206151";"Stelaż do łóżka 120x190 minigaz, węższy o 2 cm";100;"";"120pro190minigaz800-2s";"Brak danych";250.00;0%;19;"";"";"";"";"";"";"";"";"";"";"";"";"";"";"";"";"";"";"";"";"";""
"67419262";"Stelaż do łóżka 80x160 bez pojemnika";100;"";"80pro16M";"Brak danych";125.00;0%;14;"";"";"";"";"";"";"";"";"";"";"";"";"";"";"";"";"";"";"";"";"";""
"67548777";"Stelaż do łóżka 100x180 minigaz";100;"";"100pro180minigaz500";"Brak danych";230.00;0%;19;"";"";"";"";"";"";"";"";"";"";"";"";"";"";"";"";"";"";"";"";"";""
"67548778";"Stelaż do łóżka 90x160  automat spr węższy o 2cm";100;"";"90pro16Spr-2szer";"Brak danych";175.00;0%;19;"";"";"";"";"";"";"";"";"";"";"";"";"";"";"";"";"";"";"";"";"";""
"67728189";"Stelaż do łóżka 90x160 bez pojemnika";100;"";"90pro16M";"Brak danych";130.00;0%;19;"";"";"";"";"";"";"";"";"";"";"";"";"";"";"";"";"";"";"";"";"";""
"67891655";"Stelaż do łóżka 135x200 + nogi 17";100;"";"135pro+nogi17";"Brak danych";220.00;0%;19;"";"";"";"";"";"";"";"";"";"";"";"";"";"";"";"";"";"";"";"";"";""
"67891659";"Stelaż do łóżka 90x160 boczny minigaz, węższy o 2 cm";100;"";"BO90pro16minigaz350-2s";"Brak danych";225.00;0%;19;"";"";"";"";"";"";"";"";"";"";"";"";"";"";"";"";"";"";"";"";"";""
"67891661";"Stelaż do łóżka 80x150 minigaz, węższy o 2 cm";100;"";"80pro15minigaz350-2s";"Brak danych";200.00;0%;19;"";"";"";"";"";"";"";"";"";"";"";"";"";"";"";"";"";"";"";"";"";""
"68366252";"Stelaż do łóżka 120x180 minigaz";100;"";"120pro180minigaz800";"Brak danych";250.00;0%;19;"";"";"";"";"";"";"";"";"";"";"";"";"";"";"";"";"";"";"";"";"";""
"68833388";"Stelaż do łóżka 90x160 premium płaski, krótszy o 1 cm";100;"";"PL90pro16";"Brak danych";140.00;0%;19;"";"";"";"";"";"";"";"";"";"";"";"";"";"";"";"";"";"";"";"";"";""
"68833389";"Stelaż do łóżka 80x200 boczny minigaz, krótszy o 3 cm węższy o 2 cm";100;"";"BO80prominigaz350-3d-2s";"Brak danych";210.00;0%;19;"";"";"";"";"";"";"";"";"";"";"";"";"";"";"";"";"";"";"";"";"";""
"68834553";"Stelaż do łóżka 120x200 + nogi 18";100;"";"120pro+nogi18";"Brak danych";210.00;0%;19;"";"";"";"";"";"";"";"";"";"";"";"";"";"";"";"";"";"";"";"";"";""
"68867425";"Stelaż do łóżka 120x200 premium płaski, krótszy o 1 cm+noga13cm";9279;"5905342269106";"PL120pro+noga13";"Płaskie";230.00;23%;16;"<section class=""section"">
        <div class=""item item-12"">
            <section class=""text-item"">
                <h1><p class=""MsoNormal"" style=""line-height: normal; background-image: initial; background-position: initial; background-size: initial; background-repeat: initial; background-attachment: initial; background-origin: initial; background-clip: initial;""><font color=""#000000""><b><span style=""font-size:18.0pt;font-family:"" open="""" sans"",sans-serif;mso-fareast-font-family:="""" ""times="""" new="""" roman"";color:#222222;mso-font-kerning:18.0pt;mso-fareast-language:="""" pl""="""">Stelaż do łóżka pod materac elastyczny serii premium płaski 119x199cm firmy Moledo<o:p></o:p></span></b></font></p>

<p class=""MsoNormal"" style=""mso-margin-top-alt:auto;mso-margin-bottom-alt:auto;
line-height:normal""><span style=""font-size:12.0pt;font-family:"" times="""" new="""" roman"",serif;="""" mso-fareast-font-family:""times="""" roman"";mso-fareast-language:pl""=""""><font color=""#000000"">Stelaż
wykonany jest z 40 sprężystych (giętych) listew brzozowych, 80  uchwytów
zapobiegających skrzypieniu oraz mocnej poziomej ramy  ze sklejki
najlepszych polskich producentów. Cechuje go niezwykła wytrzymałość, trwałość i
wysoka elastyczność. Stelaż dzięki swoim właściwościom jest odpowiedni dla
materacy sprężynowych oraz piankowych. Zwiększa komfort snu, daje optymalne
podparcie i zapewnia odpowiednią wentylację powietrza dla materaca</font><o:p></o:p></span></p></h1>
            </section>
        </div>
        </section>";"<p class=""MsoNormal"" style=""mso-margin-top-alt:auto;mso-margin-bottom-alt:auto;
line-height:normal""><font color=""#000000""><span style=""font-size:12.0pt;font-family:"" times="""" new="""" roman"",serif;="""" mso-fareast-font-family:""times="""" roman"";mso-fareast-language:pl""=""""> </span></font></p><p style=""background-image: initial; background-position: initial; background-size: initial; background-repeat: initial; background-attachment: initial; background-origin: initial; background-clip: initial;""><font color=""#000000""><b><span style=""font-family:"" open="""" sans"",sans-serif;="""" color:#222222""="""">Dane techniczne rozmiaru</span></b><span style=""font-family:
"" open="""" sans"",sans-serif;color:#222222""=""""> 120x200 :<o:p></o:p></span></font></p><p style=""background-image: initial; background-position: initial; background-size: initial; background-repeat: initial; background-attachment: initial; background-origin: initial; background-clip: initial;""><font color=""#000000""><span style=""font-family:"" open="""" sans"",sans-serif;="""" color:#222222""="""">·Długość <b>1990</b> mm<o:p></o:p></span></font></p><p style=""background-image: initial; background-position: initial; background-size: initial; background-repeat: initial; background-attachment: initial; background-origin: initial; background-clip: initial;""><font color=""#000000""><span style=""font-family:"" open="""" sans"",sans-serif;="""" color:#222222""="""">·Szerokość <b>1190 </b>mm <o:p></o:p></span></font></p><p style=""background-image: initial; background-position: initial; background-size: initial; background-repeat: initial; background-attachment: initial; background-origin: initial; background-clip: initial;""><font color=""#000000""><span style=""font-family:"" open="""" sans"",sans-serif;="""" color:#222222""="""">·Wysokość <b>36</b> mm<o:p></o:p></span></font></p><p style=""background-image: initial; background-position: initial; background-size: initial; background-repeat: initial; background-attachment: initial; background-origin: initial; background-clip: initial;""><font color=""#000000""><span style=""font-family:"" open="""" sans"",sans-serif;="""" color:#222222""="""">·Listwy gięte 53mm x 8mm  profilowana sklejka<o:p></o:p></span></font></p><p style=""background-image: initial; background-position: initial; background-size: initial; background-repeat: initial; background-attachment: initial; background-origin: initial; background-clip: initial;""><font color=""#000000""><span style=""font-family:"" open="""" sans"",sans-serif;="""" color:#222222""="""">·Odstępy między listwami 38mm<o:p></o:p></span></font></p><p open="""" sans"",="""" sans-serif;="""" font-size:="""" 16px;""="""">













</p><p style=""background-image: initial; background-position: initial; background-size: initial; background-repeat: initial; background-attachment: initial; background-origin: initial; background-clip: initial;""><span style=""font-family:"" open="""" sans"",sans-serif;="""" color:#222222""=""""><font color=""#000000"">-<b>Dostępny każdy rozmiar</b></font><o:p></o:p></span></p>";"<p style=""color: rgb(34, 34, 34); font-family: "" open="""" sans"",="""" sans-serif;="""" font-size:="""" 16px;""=""""><br></p><div class=""mp4t_16_s mryx_16_s mr3m_1 mli2_1 mh85_56 mh85_0_l""><div class=""mgn2_16 _0d3bd_5pK0q""><p><b>Zalety</b><b>:</b></p>
<p>- Wkłady elastyczne wydłużają żywotność materaca nawet o 25%</p>
<p>- Profilowane listewki pozwalają lepiej pracować każdemu położonemu na nim materacowi dzięki zwiększonej elastyczności stelaża</p>
<p>- Stelaż zapewnia odpowiednią cyrkulację powietrza dla materaca</p><p>- <b>Bardzo niski stelaż, pasuje do wąskich boków łóżka  czy metalowych konstrukcji  oraz na podłogę</b></p>
<p><b><br></b></p><p><b><br></b></p></div></div>";"";"";"https://upload.cdn.baselinker.com/products/2000076/31c3143d67887f2ee4d0825c959ff49e.png";"https://upload.cdn.baselinker.com/products/2000076/bd0cd2f6bd675d4bda6a1dee8e574fdf.png";"https://upload.cdn.baselinker.com/products/2000076/99958f44a29d74757880e681832e17d9.png";"https://upload.cdn.baselinker.com/products/2000076/9418d604092fbd33206786aa8c4afa86.png";"https://upload.cdn.baselinker.com/products/2000076/c32b67e683f3ea5129ae0267274815b5.png";"https://upload.cdn.baselinker.com/products/2000076/869eb99eba79aab0648fb9c4ff7d122b.png";"https://upload.cdn.baselinker.com/products/2000076/3d57348bc146595a874f3ab0e21858be.png";"https://upload.cdn.baselinker.com/products/2000076/f6a40e7f51f67536b716f8d715b84395.png";"https://upload.cdn.baselinker.com/products/2000076/60675a67436d4e51a24f425e1412d550.jpg";"";"";"";"";"";"";"";"Moledo"
"68867448";"Stelaż do łóżka 120x200 + nogi 27";100;"";"120pro+nogi27";"Brak danych";210.00;0%;19;"";"";"";"";"";"";"";"";"";"";"";"";"";"";"";"";"";"";"";"";"";""
"68898413";"Stelaż do łóżka 200x200  automat gazowy";100;"";"200promgaz800";"Brak danych";290.00;0%;19;"";"";"";"";"";"";"";"";"";"";"";"";"";"";"";"";"";"";"";"";"";""
